100;0;50;0;0.11130013800000071;0
97;0;50;0;0.18377799199999956;0
93;0;50;0;0.2533742669999999;0
91;0;50;0;0.32057727000000114;0
89;0;50;0;0.3874900110000006;0
82;0;50;0;0.4520002440000006;0
77;0;50;0;0.5134759780000007;0
76;0;50;0;0.571295430000001;0
71;0;50;0;0.6311498860000011;0
68;0;50;0;0.6916846710000009;0
66;0;50;0;0.8057157549999996;0
64;0;50;0;0.8607760980000005;0
61;0;51;0;0.916620301;0
59;1;51;0;0.9705735190000002;1
52;1;52;0;1.0228626399999996;1
51;1;52;0;1.172731777000001;1
49;1;52;0;1.221341936;1
46;1;52;0;1.2731493440000001;1
48;1;53;0;1.3260385879999994;1
47;1;53;0;1.3784152840000008;1
47;1;54;0;1.4291352699999997;1
46;1;56;0;1.4816551350000005;1
43;1;58;0;1.5861264100000003;1
43;1;59;0;1.6348097360000011;1
46;1;59;0;1.7297474650000009;1
45;1;59;0;1.778949161;1
42;1;59;0;1.8314877440000004;1
41;1;59;0;1.8824793530000008;1
43;1;59;0;1.9323720130000002;1
42;1;59;0;2.0333927040000006;1
43;1;59;0;2.0925746820000004;1
43;1;60;0;2.1579338420000003;1
42;1;60;0;2.2352039579999996;1
45;1;60;0;2.301464664000001;1
42;1;61;0;2.3675721690000007;1
41;1;61;0;2.422714729000001;1
43;1;61;0;2.477853607;1
41;1;61;0;2.5425796280000004;1
39;1;61;0;2.594571570000001;1
42;1;61;0;2.64794781;1
41;1;61;0;2.7584098590000004;1
40;1;61;0;2.8616533329999996;1
36;2;61;0;2.913869739000001;3
33;2;61;0;2.96436613;3
36;2;61;0;3.015405813000001;3
34;2;61;0;3.130659841;3
35;2;62;0;3.1941866999999995;3
32;2;62;0;3.251683571000001;3
29;3;63;0;3.3067894750000004;4
29;4;63;0;3.3600321179999995;5
26;5;63;0;3.416735428000001;6
22;5;63;0;3.471030871;6
23;5;64;0;3.5284410919999996;6
21;5;65;0;3.5824808519999998;6
19;5;65;0;3.6276762619999996;6
19;5;67;0;3.6728722319999996;6
22;5;67;0;3.714383894000001;6
21;5;67;0;3.759060171;6
19;5;67;0;3.8027473940000007;6
18;5;68;0;3.847397774000001;6
19;5;69;0;3.888828751;6
18;5;69;0;3.9356019280000005;6
17;5;69;0;3.9772382739999994;6
19;5;69;0;4.059831745;6
18;5;69;0;4.101191493;6
16;5;69;0;4.140872116000001;6
15;5;69;0;4.1804869149999995;6
18;5;69;0;4.219476942;6
16;5;69;0;4.350146949000001;6
19;5;69;0;4.391167831000001;6
18;5;69;0;4.478864996;6
16;5;69;0;4.520720409000001;6
18;5;69;0;4.562091527;6
17;5;69;0;4.603777598000001;6
15;5;69;0;4.645651493000001;6
14;5;69;0;4.68940338;6
17;5;69;0;4.730120002;6
16;5;69;0;4.81433582;6
15;5;70;0;4.884953717;6
18;5;70;0;4.928224663;6
16;5;70;0;4.971962045;6
14;5;70;0;5.014609663;6
12;5;70;0;5.0558372170000005;6
11;6;70;0;5.094304048;8
10;6;70;0;5.132413029;8
8;6;70;0;5.228526249;9
9;6;71;0;5.263422021;9
9;6;72;0;5.296969896;9
12;6;72;0;5.427623046000001;9
11;6;73;0;5.461424284;10
10;6;73;0;5.4948961789999995;10
13;6;73;0;5.590118867000001;10
11;6;73;0;5.622224345999999;10
10;6;73;0;5.720831277;10
13;6;73;0;5.752615072999999;10
12;6;73;0;5.821708162;10
12;6;74;0;5.857001807;10
11;6;74;0;5.889874085000001;10
13;6;74;0;5.921740634000001;10
12;6;74;0;5.952577538;10
11;7;74;0;6.043682926000001;11
14;7;75;0;6.106943056;11
13;7;75;0;6.138593964;11
12;7;75;0;6.229161154;11
13;7;75;0;6.2859373089999995;11
11;7;75;0;6.314940913000001;11
10;7;75;0;6.395428234000001;11
7;7;75;0;6.421255085;11
4;7;75;0;6.444472150000001;11
7;7;75;0;6.466191428;11
6;7;75;0;6.561169555000001;11
5;7;75;0;6.585043109000001;11
8;7;75;0;6.629423778;11
7;7;75;0;6.654503225000001;11
7;6;74;1;6.6786927039999995;9
6;6;74;1;6.703245118;9
5;6;74;1;6.726271435000001;9
8;6;74;1;6.793931382;9
6;6;74;1;6.818206768;9
6;6;75;1;6.8439033810000005;9
4;6;75;1;6.890250001;9
7;6;75;1;6.9552826759999995;9
6;6;75;1;7.090932198000001;9
9;6;75;1;7.114460897000001;9
8;6;77;1;7.141916048000001;9
7;6;77;1;7.190775260000001;9
5;6;77;1;7.214022512;9
4;6;77;1;7.23596635;9
3;7;78;1;7.257348735000001;10
5;7;78;1;7.294437145;10
4;8;78;1;7.313904166;11
3;8;78;1;7.355073732000001;11
2;8;79;1;7.395754728;11
5;8;79;1;7.464469948;11
4;8;79;1;7.584514663;11
6;8;79;1;7.641085151;11
5;8;79;1;7.66180084;11
8;8;79;1;7.803129457000001;11
7;8;79;1;7.847418738000002;11
6;8;79;1;7.8905003439999994;11
5;8;79;1;7.952233436;11
8;8;79;1;7.972587712999999;11
7;8;79;1;8.017135683;11
6;9;79;1;8.038605341;12
5;9;79;1;8.059367488;12
4;9;79;1;8.080506651;12
3;9;79;1;8.101686621999999;12
6;9;79;1;8.141167105000001;12
5;10;79;1;8.184987160999999;13
4;10;79;1;8.275348716;13
7;10;79;1;8.315947293;13
6;10;79;1;8.338983455000001;13
5;9;78;2;8.429200518000002;10
4;10;78;2;8.450719703;11
7;10;78;2;8.493935773;11
6;10;78;2;8.517017632000002;11
5;10;78;2;8.561768321999999;11
8;10;78;2;8.669396192;11
7;10;78;2;8.692226146;11
6;10;78;2;8.714290265999999;11
5;10;78;2;8.735043969;11
4;10;78;2;8.795008787;12
7;10;78;2;8.832902756;12
5;10;78;2;8.940274957;12
4;10;78;2;8.959645246000001;12
7;10;78;2;8.997428602;12
4;11;78;2;9.063260070000002;13
3;11;78;2;9.103150735;13
6;11;78;2;9.158081958;13
5;11;78;2;9.178611005;13
4;11;78;2;9.237832901;13
3;11;78;2;9.257565325000002;13
2;11;78;2;9.311969949000002;13
5;11;78;2;9.329478359;13
4;11;78;2;9.348820943;13
2;11;78;2;9.367211691000001;13
1;11;78;2;9.400721082;13
4;11;78;2;9.498265471;13
3;11;78;2;9.574696562;13
5;11;78;2;9.665047560000001;13
4;11;78;2;9.761064377;13
3;11;78;2;9.818288143;13
6;11;78;2;9.836774711;13
5;11;78;2;9.919227136;13
4;11;78;2;9.958918415;13
3;11;78;2;9.996837902;13
6;10;77;3;10.014121038999999;11
5;10;77;3;10.117582418000001;11
8;10;77;3;10.176665208;11
7;10;77;3;10.198903191;11
4;11;77;3;10.24226843;13
3;11;77;3;10.282780791;13
2;11;77;3;10.338112698;13
5;11;77;3;10.354125697;13
4;11;77;3;10.373837471000002;13
3;11;77;3;10.431264502000001;13
2;10;76;4;10.450025859;12
1;10;76;4;10.502417259000001;12
4;9;75;5;10.518733472000001;11
2;9;75;5;10.576043457;11
5;9;75;5;10.693288235;11
4;9;75;5;10.712479684000002;11
3;9;75;5;10.768618983;11
2;9;75;5;10.822880535;11
4;9;75;5;10.857175088000002;11
3;9;75;5;10.875880322;11
3;7;73;7;10.912921140000002;9
1;7;73;7;10.982896407000002;9
4;7;73;7;11.030459008000001;9
4;6;72;8;11.049333542;8
3;6;72;8;11.068942347;8
2;6;72;8;11.123736447999999;8
1;6;72;8;11.157946634000002;8
3;6;72;8;11.205776135;8
2;7;72;8;11.240331302000001;9
2;6;71;9;11.273629360000001;7
5;6;71;9;11.373492453;7
4;6;71;9;11.449905499;7
3;6;71;9;11.486158312;7
3;5;70;10;11.504359137000002;5
2;5;70;10;11.522240265;5
5;5;70;10;11.538224344;5
4;5;70;10;11.594823559000002;5
3;5;70;10;11.630871483;5
2;5;70;10;11.685763940000001;5
5;5;70;10;11.702465081;5
4;5;70;10;11.722331062999999;5
3;5;70;10;11.758847058;5
2;5;70;10;11.861004221000002;5
5;5;70;10;11.876895085000001;5
8;5;70;10;12.048059125000002;5
7;6;70;10;12.068569137;6
6;6;70;10;12.173391895000002;6
9;6;70;10;12.213949499000002;6
8;7;70;10;12.258793401000002;7
6;7;70;10;12.280180094999999;7
5;8;70;10;12.299970770000002;8
4;8;70;10;12.319176289000001;8
3;8;70;10;12.338108037000001;8
6;8;70;10;12.389814572999999;8
5;8;70;10;12.429103523999999;8
4;8;70;10;12.467267931999999;8
3;8;70;10;12.485894718;8
6;8;70;10;12.556588892;8
5;8;70;10;12.636226537999999;8
4;8;70;10;12.655730059;9
3;8;70;10;12.693264375000002;9
2;8;70;10;12.710816239;9
5;8;70;10;12.729281125;9
4;8;70;10;12.770392305000001;9
3;8;70;10;12.82718818;9
1;8;69;11;12.844891748999999;9
1;7;68;12;12.877705839;8
4;7;68;12;12.895003850000002;8
3;8;68;12;12.912947475;9
2;8;68;12;12.998808341;9
1;8;68;12;13.015216903999999;9
4;8;68;12;13.063239547999999;9
2;8;68;12;13.139545885;9
1;8;68;12;13.205878323;9
4;8;68;12;13.236938203000001;9
3;8;68;12;13.273178445;9
2;8;68;12;13.325502451000002;9
1;8;68;12;13.342533771;9
0;8;68;12;13.358252954000001;9
3;8;68;12;13.402480194999999;9
2;8;68;12;13.541346868000002;9
5;8;68;12;13.575203889;9
4;8;68;12;13.594259052000002;9
3;9;68;12;13.612288531;10
2;9;68;12;13.6822537;10
5;9;68;12;13.747739166999999;10
5;8;67;13;13.78518588;8
4;8;67;13;13.804782058;8
5;8;67;13;13.914158399000002;8
4;8;67;13;13.952121252000001;8
3;8;67;13;14.006073203;8
2;8;67;13;14.043849343000002;8
5;8;67;13;14.084630563000001;8
8;8;67;13;14.257616106;8
7;9;67;13;14.30024941;9
6;8;66;14;14.321654148;8
5;8;66;14;14.341697916000001;8
3;8;66;14;14.417315868;8
6;8;66;14;14.435651244999999;8
5;8;66;14;14.496672662000002;8
4;8;66;14;14.553046264999999;8
7;8;66;14;14.606910271;8
6;8;66;14;14.668381158999999;8
5;8;66;14;14.707743813;8
4;9;66;14;14.726548155;9
3;9;66;14;14.763234118;9
5;9;66;14;14.780460394999999;9
2;9;66;14;14.875860507999999;9
5;9;66;14;14.946322122000002;9
5;9;67;14;15.007197468000001;9
4;9;67;14;15.087808779;9
7;8;66;15;15.105620505000001;8
5;8;66;15;15.127689548;8
8;8;66;15;15.278338189;8
7;8;66;15;15.298780647000001;8
6;8;66;15;15.340866945000002;8
5;8;66;15;15.359994182000001;8
8;8;66;15;15.454720640000001;8
7;8;66;15;15.475938425999999;8
6;8;66;15;15.495781644000001;8
5;8;66;15;15.534018501999999;8
4;8;66;15;15.552848868000002;8
3;8;66;15;15.588708165;8
6;7;65;16;15.623595769000001;7
5;7;65;16;15.689287278000002;7
4;7;65;16;15.747728637000002;7
2;8;65;16;15.765331549999999;8
1;8;65;16;15.781771973000001;8
4;8;65;16;15.797713368;8
3;8;65;16;15.850960849;8
2;8;65;16;15.90194824;8
5;8;65;16;15.967777480999999;8
4;9;65;16;16.060990926;9
3;10;65;16;16.079457164;10
2;10;65;16;16.097277542;10
5;10;65;16;16.130478701;10
3;10;65;16;16.225130412;10
3;9;64;17;16.242756498;9
2;9;64;17;16.25994683;9
5;9;64;17;16.293394442;9
4;9;64;17;16.331202381;9
3;9;64;17;16.349328364;9
2;9;64;17;16.384288614;9
5;9;64;17;16.466983293000002;9
5;8;63;18;16.485092536;8
4;8;63;18;16.503763622;8
4;7;62;19;16.521911037;7
7;7;62;19;16.629433132;7
6;7;62;19;16.729906717;8
9;7;62;19;16.805814602;8
8;7;62;19;16.869811167;8
7;7;62;19;16.93222656;8
6;7;62;19;16.95211576;8
8;7;62;19;16.971197545;8
7;7;62;19;17.033140328;8
5;7;62;19;17.093155119;8
8;7;62;19;17.149632291;8
7;7;62;19;17.212160953;8
5;7;62;19;17.293045593;8
8;7;62;19;17.311173107000002;8
6;7;62;19;17.352456237000002;8
5;7;62;19;17.410269487;8
4;7;62;19;17.447531981;8
3;7;62;19;17.465926189;8
6;7;62;19;17.483313821;8
6;6;61;20;17.503126713;7
5;6;61;20;17.57914355;7
8;6;61;20;17.652973252;7
11;6;61;20;17.818577403;7
10;6;60;21;17.841966558;6
9;6;60;21;17.864134534;6
8;6;60;21;17.906532603;6
6;8;60;21;17.946921339;8
4;8;60;21;17.965813131;8
7;8;60;21;17.983030378;8
6;8;60;21;18.082994305;8
6;7;59;22;18.102305278;7
5;7;59;22;18.121966718;7
4;7;59;22;18.140715403;7
7;7;59;22;18.157424209000002;7
6;7;59;22;18.177319314000002;7
5;7;59;22;18.215457421;7
4;7;59;22;18.252360511;7
2;7;59;22;18.288246385;7
5;7;59;22;18.322069374;7
4;7;59;22;18.376791388;7
3;7;59;22;18.446506537;7
2;7;59;22;18.4625792;7
5;7;59;22;18.494920203;7
4;7;59;22;18.513460802;7
3;7;59;22;18.530203413;7
2;6;58;23;18.547281452;6
4;5;57;24;18.661243473;5
3;5;57;24;18.732157304;5
2;5;57;24;18.76444847;5
1;5;57;24;18.796552118;5
4;5;57;24;18.828671862;5
3;5;57;24;18.985827338;5
6;5;57;24;19.002034605;5
5;5;57;24;19.076485637;5
4;5;57;24;19.148984514;5
7;5;57;24;19.166512916;5
7;4;56;25;19.262389436;4
5;4;56;25;19.301147062000002;4
7;4;56;25;19.337406291;4
6;4;56;25;19.358208701;4
4;4;56;25;19.377421112;4
3;4;56;25;19.479665791;4
6;3;55;26;19.514783597;3
9;3;55;26;19.684638661;3
8;3;55;26;19.726014729;3
7;3;55;26;19.805676801;3
5;3;55;26;19.825391656;3
4;3;55;26;19.843310692;3
6;3;55;26;19.860154219;3
5;4;55;26;19.878451161;4
4;4;55;26;19.914379491000002;4
3;4;55;26;19.931181941000002;4
5;4;55;26;20.032888845;4
4;4;55;26;20.124491926;4
2;4;55;26;20.176802059;4
5;4;55;26;20.194569254;4
4;4;55;26;20.248897779;4
3;4;55;26;20.282934255;4
2;4;55;26;20.299243873;4
1;4;55;26;20.330665656;4
4;4;55;26;20.361633117;4
4;3;54;27;20.414038543;3
3;3;54;27;20.481505474;3
2;3;54;27;20.514499073;3
5;3;54;27;20.530992616;3
4;3;54;27;20.619419632;3
3;3;54;27;20.636078153;3
2;3;54;27;20.652195225;3
5;3;54;27;20.700249047;3
3;3;54;27;20.789824847000002;3
2;3;54;27;20.805951011;3
1;3;54;27;20.822038635000002;3
4;3;54;27;20.870515871;3
3;3;54;27;20.940225632;3
2;3;54;27;20.990544704;3
1;3;54;27;21.006666522;3
4;3;54;27;21.037439346;3
3;3;54;27;21.178801267;3
6;3;54;27;21.212321236;3
5;3;54;27;21.249703541;3
4;3;54;27;21.319901464;3
6;3;54;27;21.388772484;3
4;3;54;27;21.480326571;3
3;2;53;28;21.515389696;2
5;2;53;28;21.549279806;2
4;3;53;28;21.656195503;3
3;3;53;28;21.673555005;3
5;3;53;28;21.722491275;3
4;3;53;28;21.758226909;3
3;3;53;28;21.792184205;3
2;3;53;28;21.858707849;3
5;3;53;28;21.890693924;3
4;3;53;28;21.998179733;3
3;3;53;28;22.015401219;3
2;3;53;28;22.048558415;3
5;3;53;28;22.063529809000002;3
4;4;53;28;22.1020069;4
3;4;53;28;22.169329787;4
2;4;53;28;22.201811172;4
4;4;53;28;22.234605477;4
3;4;53;28;22.304205806;4
1;3;52;29;22.3546947;3
3;3;52;29;22.400924249;3
2;3;52;29;22.54569554;3
4;3;52;29;22.561829466;3
3;3;52;29;22.646125563000002;3
2;3;52;29;22.67881068;3
5;3;52;29;22.726481859;3
4;3;52;29;22.884125199;3
7;3;52;29;22.901232320000002;3
7;2;51;30;22.939169603;2
6;2;51;30;22.995043786;2
8;2;51;30;23.068194793;2
11;2;51;30;23.245137811;2
10;2;51;30;23.266539926;2
9;3;51;30;23.287406166;3
8;3;51;30;23.387719654;3
11;3;51;30;23.406426061;3
10;3;51;30;23.448361077;3
9;3;51;30;23.489894236;3
8;3;51;30;23.550738232;3
11;3;51;30;23.56958872;3
10;3;51;30;23.634060746;3
9;3;51;30;23.696679630000002;3
8;3;51;30;23.716272635;3
7;3;51;30;23.754562768000003;3
6;3;51;30;23.773394431000003;3
9;3;51;30;23.900962466;3
8;3;51;30;23.93997953;3
7;3;51;30;23.959314582999998;3
6;3;51;30;24.014092289;3
8;3;51;30;24.070198455;3
8;3;50;31;24.127759674;3
7;3;50;31;24.165879903999997;3
6;3;50;31;24.221779551;3
9;3;50;31;24.239748119999998;3
8;3;50;31;24.374202821;4
6;3;50;31;24.393589623;4
9;3;50;31;24.411598492;4
8;3;50;31;24.431903844;4
7;3;50;31;24.545746464;4
6;3;50;31;24.564859504999998;4
8;3;50;31;24.582197848000003;4
7;3;50;31;24.601482707;4
6;3;50;31;24.676359605;4
8;4;50;31;24.74770227;5
8;3;49;32;24.766503592000003;3
7;3;49;32;24.804712488000003;3
10;3;49;32;24.915650584999998;3
9;3;49;32;24.956764678000003;3
7;3;49;32;24.995901638000003;3
10;3;49;32;25.089356067;3
8;4;49;32;25.209863408;4
7;4;49;32;25.228435009;4
10;4;49;32;25.265107046999997;4
9;4;49;32;25.325263953999997;4
7;3;48;33;25.365088717000003;3
6;3;48;33;25.422436555;3
8;3;48;33;25.43983836;3
7;3;48;33;25.458981308000002;3
6;3;48;33;25.512503210000002;3
4;4;48;33;25.548130871;4
7;4;48;33;25.614620454999997;4
6;4;48;33;25.707118945;4
6;3;47;34;25.760697214;3
9;3;47;34;25.778705196;3
8;3;47;34;25.83637344;3
7;3;47;34;25.854887500999997;3
9;3;47;34;25.944523887;3
8;3;47;34;26.059147686;3
7;3;47;34;26.096826875999998;3
10;3;47;34;26.115409805000002;3
9;3;47;34;26.175079260999997;3
8;3;47;34;26.194207627;3
7;3;47;34;26.212840535999998;3
9;3;47;34;26.289719749000003;3
8;3;47;34;26.308980566;3
7;3;47;34;26.34672615;3
6;4;47;34;26.382922703000002;4
5;5;47;34;26.400523791;5
5;5;46;35;26.435059673;5
8;5;46;35;26.452648321999998;5
7;5;46;35;26.52644606;5
6;5;46;35;26.579529392999998;5
9;5;46;35;26.61540768;5
8;5;46;35;26.65376771;5
7;5;46;35;26.672873452999998;5
6;5;46;35;26.744477057;5
9;5;46;35;26.779548773;5
8;5;46;35;26.817562073;5
7;5;46;35;26.873033568999997;5
6;5;46;35;26.891353616;5
5;5;46;35;26.9091361;5
8;5;46;35;26.943430174000003;5
7;5;46;35;27.017819984000003;5
10;5;46;35;27.107850971999998;5
9;5;46;35;27.167868590999998;5
8;5;46;35;27.20617297;5
6;5;46;35;27.262783567000003;5
9;5;46;35;27.280452786;5
8;5;46;35;27.376562781;5
7;5;46;35;27.431060161;5
10;5;46;35;27.449175496;5
9;5;46;35;27.50870224;5
8;5;46;35;27.547404146999998;5
7;5;46;35;27.584345137000003;5
10;5;46;35;27.620232921;5
9;5;46;35;27.640308008999998;5
7;5;46;35;27.719191456999997;5
10;5;46;35;27.792325280000004;5
9;5;46;35;27.812271894000002;5
8;4;45;36;27.831811191000003;4
7;4;45;36;27.904351601;4
6;4;45;36;27.922690042000003;4
9;4;45;36;27.957399077;4
8;4;45;36;27.976582177;4
7;4;45;36;27.99472881;4
6;4;45;36;28.012390929000002;4
5;4;45;36;28.101953316000003;4
8;4;45;36;28.1193529;4
7;4;45;36;28.212040281000004;4
6;4;45;36;28.266184059;4
9;4;45;36;28.283195612000004;4
8;4;45;36;28.3023541;4
7;4;45;36;28.340940470000003;4
6;4;45;36;28.412586322;4
8;4;45;36;28.446152334;4
7;4;45;36;28.464790818999997;4
5;5;45;36;28.499981753000004;5
4;5;45;36;28.602076024000002;5
7;5;45;36;28.618011741;5
7;5;44;37;28.636698012;5
7;4;43;38;28.728046003;4
10;4;43;38;28.782845716999997;4
9;4;43;38;28.840904716;4
8;4;43;38;28.898155641;4
7;4;43;38;28.917214605;4
10;4;43;38;28.952535709;4
9;4;43;38;28.991085839000004;4
8;4;43;38;29.065759736999997;4
7;5;43;38;29.103158519;5
9;5;43;38;29.121904216999997;5
8;5;43;38;29.159734357999998;5
5;5;43;38;29.178133630999998;5
5;4;42;39;29.194736846;4
4;5;42;39;29.211786291;5
3;5;42;39;29.262099983000002;5
6;5;42;39;29.294480134999997;5
5;5;42;39;29.3288362;5
8;5;42;39;29.460845662;5
8;4;41;40;29.514278778999998;4
10;4;41;40;29.622622291000003;4
9;4;41;40;29.680527967;4
8;4;41;40;29.699282599000004;4
7;4;41;40;29.734876882;4
6;5;41;40;29.769701701;5
8;5;41;40;29.786036993;5
7;5;41;40;29.857150720000003;5
10;5;41;40;29.961485159000002;5
9;5;41;40;30.001832402;5
8;6;41;40;30.058731718;6
7;6;41;40;30.098787040999998;6
6;6;41;40;30.117740262;6
9;6;41;40;30.135669242000002;6
8;6;41;40;30.193926684;6
6;6;41;40;30.212887188;6
5;6;41;40;30.232990268;6
4;6;41;40;30.269676368000002;6
7;6;41;40;30.303423356;6
6;6;41;40;30.339886107;6
5;6;41;40;30.356666082;6
4;6;41;40;30.373322032;6
3;6;41;40;30.389369681;6
1;7;41;40;30.420575914999997;7
4;7;41;40;30.478002249000003;7
4;6;40;41;30.524991083;6
3;7;40;41;30.542164230999997;7
2;7;40;41;30.588911299;7
1;7;40;41;30.619224718999998;7
4;7;40;41;30.648517864000002;7
3;8;40;41;30.69775445;8
2;8;40;41;30.712578218999997;8
1;8;39;42;30.758276573;8
1;7;38;43;30.802255302000003;7
4;7;38;43;30.816664409;7
3;7;38;43;30.896665530000003;7
2;7;38;43;30.927182310000003;7
5;7;38;43;30.985941213999997;7
4;7;38;43;31.018110037000003;7
3;7;38;43;31.033576128000004;7
2;7;38;43;31.095064568;7
5;7;38;43;31.156627423;7
8;7;38;43;31.321337619;7
6;7;38;43;31.392012536;7
5;7;38;43;31.426130919;7
8;7;38;43;31.490469000999997;7
7;7;38;43;31.596297121000003;7
6;7;38;43;31.613719301;7
9;7;38;43;31.665480603000002;7
8;8;38;43;31.738206321000003;8
10;9;38;43;31.825045502;9
9;9;38;43;31.880285339999997;9
7;9;38;43;31.95313732;9
9;9;38;43;31.987823738;9
8;9;38;43;32.007021681;9
7;9;38;43;32.024310189000005;9
6;9;38;43;32.041143995;9
5;9;38;43;32.058352078;9
5;8;37;44;32.07483057500001;8
4;8;37;44;32.093129073;8
7;8;37;44;32.157278835;8
7;7;36;45;32.21023746;7
5;7;36;45;32.244643557;7
4;7;36;45;32.260847079;7
7;7;36;45;32.323107832000005;7
7;6;35;46;32.35778103;6
5;6;35;46;32.37536908;6
7;6;35;46;32.485431866;6
6;6;35;46;32.535674125;6
6;5;34;47;32.568426218;5
5;5;34;47;32.635216321;5
8;5;34;47;32.651605067000006;5
7;5;34;47;32.687692459000004;5
7;5;33;48;32.739534301000006;5
5;5;33;48;32.756353562;5
4;5;33;48;32.771445036;5
7;5;33;48;32.816543749000004;5
6;5;33;48;32.883165469999994;5
5;5;33;48;32.899576791;5
4;5;33;48;32.93060603000001;5
3;5;33;48;32.960450577;5
6;4;32;49;32.975812136;4
5;4;32;49;32.993324431000005;4
8;4;32;49;33.151913750999995;4
7;4;32;49;33.169263226;4
5;4;32;49;33.186072822;4
8;4;32;49;33.313279544;4
7;4;32;49;33.330858082999995;4
10;4;32;49;33.481891931999996;4
9;5;32;49;33.538261299;5
8;6;32;49;33.589919028;6
7;6;32;49;33.605631933;6
7;6;31;50;33.638773059;6
10;6;31;50;33.65513448;6
9;6;31;50;33.67369991699999;6
9;6;30;51;33.810042288999995;6
12;6;30;51;33.82715348400001;6
11;6;30;51;33.91850626;6
10;6;30;51;33.971863979000005;6
12;6;30;51;33.989652215999996;6
11;6;30;51;34.008384576;6
10;6;30;51;34.043330982;6
8;6;30;51;34.060664450999994;6
7;6;30;51;34.128698392000004;6
10;6;30;51;34.16212380100001;6
9;6;30;51;34.321106711;6
12;6;30;51;34.337508849;6
11;6;30;51;34.35655414599999;6
10;6;30;51;34.39098023299999;6
9;6;30;51;34.424357961;6
11;6;30;51;34.507667987000005;6
10;6;30;51;34.561185041;6
9;6;30;51;34.628097889;6
12;6;30;51;34.678305726999994;6
11;7;30;51;34.714126805999996;7
10;7;30;51;34.764480207999995;7
9;7;29;52;34.781501664000004;7
12;7;29;52;34.847196501;7
11;7;29;52;34.90099927;7
10;7;29;52;34.952005183;7
9;7;29;52;34.968440239;7
12;7;29;52;35.017121468;7
12;6;28;53;35.142588094000004;6
14;7;28;53;35.178493108;7
13;6;27;54;35.19744626800001;6
12;6;27;54;35.215647663;6
11;6;27;54;35.286226242;6
10;6;27;54;35.3035931;6
9;6;27;54;35.337387261;6
12;5;26;55;35.353622470000005;5
12;4;25;56;35.388530110000005;4
11;5;25;56;35.440462999999994;5
10;6;25;56;35.508104328;6
13;6;25;56;35.523619208;6
12;6;25;56;35.645696935000004;6
15;6;25;56;35.696583319;6
14;6;25;56;35.769265458999996;6
13;6;25;56;35.821694155;6
12;7;25;56;35.839096672;7
15;7;25;56;35.872728575;7
14;7;25;56;35.92773744;7
13;7;25;56;35.980587774;7
12;8;25;56;36.015414682;8
15;8;25;56;36.032719747;8
14;8;25;56;36.051446056;8
13;8;25;56;36.088187281;8
16;8;25;56;36.209688642;8
16;7;24;57;36.300902444;7
19;7;24;57;36.373058504;7
16;7;24;57;36.392993041;7
19;7;24;57;36.536481166;7
18;7;24;57;36.612160652;7
17;7;24;57;36.68593588;7
20;7;24;57;36.703717151000006;7
19;7;24;57;36.818291224000006;7
18;7;24;57;36.836403657000005;7
21;7;24;57;36.87321663;7
20;7;24;57;36.89342606700001;7
18;7;24;57;37.007629077000004;8
17;7;24;57;37.02633204;8
19;7;24;57;37.044343596999994;8
16;7;24;57;37.065180211;8
15;7;24;57;37.169940968999995;8
14;7;24;57;37.188134249;8
17;7;24;57;37.222617365999994;8
16;7;24;57;37.241831932;8
13;8;24;57;37.27675111800001;9
12;8;24;57;37.309205361;9
11;8;24;57;37.34256173;9
10;8;24;57;37.358434130999996;9
13;8;24;57;37.39060296700001;9
13;7;23;58;37.425413655;8
12;7;23;58;37.478239821;8
11;7;23;58;37.527900994999996;8
13;7;23;58;37.560638962;8
12;7;23;58;37.61244064;8
11;7;23;58;37.679279033;8
10;8;23;58;37.696081542;9
13;8;23;58;37.72889907;9
12;8;23;58;37.747746366;9
12;7;22;59;37.863188836000006;8
15;7;22;59;37.89609110000001;8
14;7;22;59;37.999061336;8
13;7;22;59;38.051907322000005;8
16;7;22;59;38.069049031999995;8
15;5;20;61;38.087332233;6
14;5;20;61;38.104761198999995;6
13;4;19;62;38.122295784;5
12;4;19;62;38.155232336;5
12;3;18;63;38.170363029;3
11;3;18;63;38.217477296;3
14;3;18;63;38.232711534;3
13;3;18;63;38.26494915799999;3
12;3;18;63;38.313188314;3
11;3;18;63;38.32945789199999;3
10;3;18;63;38.344374220000006;3
9;3;18;63;38.360278316000006;3
11;3;18;63;38.405933315;3
10;3;18;63;38.438209525000005;3
9;4;18;63;38.468422774000004;4
9;3;17;64;38.498363800999996;3
8;3;17;64;38.513975667;3
10;3;17;64;38.57337996;3
9;3;17;64;38.619700153;3
12;3;17;64;38.737431238;3
11;3;17;64;38.785407909;3
10;3;17;64;38.877136155;3
13;3;17;64;38.906355211000005;3
16;3;17;64;39.080825084;3
15;3;17;64;39.098168963999996;3
17;3;17;64;39.257749339;3
16;4;17;64;39.310385649;4
19;4;17;64;39.426046548;4
17;4;17;64;39.445042443000006;4
16;4;17;64;39.461481025;4
15;4;17;64;39.478180097999996;4
14;4;17;64;39.52588660000001;4
13;4;17;64;39.557710709999995;4
16;4;17;64;39.589077555;4
15;4;17;64;39.65424548599999;4
14;4;17;64;39.670512499;4
13;4;17;64;39.717943816;4
12;4;17;64;39.733166948999994;4
15;4;17;64;39.763920987000006;4
13;5;17;64;39.861279783;5
16;5;17;64;39.940052064;5
15;5;17;64;39.956858522000005;5
14;5;17;64;40.07141089700001;5
14;4;16;65;40.088159789;4
16;4;16;65;40.104539665000004;4
15;4;16;65;40.122159998;4
14;4;16;65;40.21748195400001;4
17;4;16;65;40.26391921;4
16;4;16;65;40.393408087;4
17;4;16;65;40.441040575;4
17;3;15;66;40.474878081;3
16;3;15;66;40.49188981100001;3
15;3;15;66;40.507139718999994;3
14;3;15;66;40.522815462;3
13;3;15;66;40.583807965000005;3
15;3;15;66;40.613945439000005;3
14;4;15;66;40.769257501;4
17;4;15;66;40.784606649;4
16;4;15;66;40.913382426;4
19;4;15;66;40.944744415;4
19;3;14;67;40.97833768700001;3
16;4;14;67;41.010994401999994;4
15;4;14;67;41.041407013;4
18;4;14;67;41.119912758;4
17;4;14;67;41.153191498;4
16;5;14;67;41.247112613;5
15;5;14;67;41.263521266;5
18;5;14;67;41.294372166;5
17;5;14;67;41.326372119;5
16;5;14;67;41.373395809;5
19;5;14;67;41.453577581000005;5
18;5;14;67;41.47050469;5
18;4;13;68;41.536109161;4
17;4;13;68;41.614720242999994;4
20;4;13;68;41.629984666;4
19;4;13;68;41.647927136999996;4
18;4;13;68;41.711949139;4
17;4;13;68;41.758680158999994;4
19;4;13;68;41.804465805999996;4
18;4;13;68;41.891523796;4
17;4;13;68;41.907290147;4
20;4;13;68;41.969635960000005;4
19;4;13;68;42.02932004;4
18;4;13;68;42.109929189;4
21;4;13;68;42.135497971999996;4
24;4;13;68;42.301765239999995;4
27;4;13;68;42.473241692;4
26;4;13;68;42.541480421;4
25;4;13;68;42.57579332;4
28;4;13;68;42.641586626999995;4
27;4;13;68;42.71258829600001;4
30;4;13;68;42.812986737;4
33;4;13;68;42.986171940000006;4
32;4;13;68;43.093858137;4
31;4;13;68;43.112053973;4
34;4;13;68;43.147157285000006;4
33;4;13;68;43.167111905;4
32;4;13;68;43.184879995;4
31;4;13;68;43.283768218999995;4
33;4;13;68;43.32028163299999;4
32;4;13;68;43.35709678800001;4
31;4;13;68;43.409081916999995;4
34;4;13;68;43.496142883999994;4
33;4;13;68;43.51471410800001;4
32;4;13;68;43.549593208999994;4
31;4;13;68;43.58520172;4
30;4;13;68;43.60298766;4
29;4;13;68;43.65573362000001;4
32;4;13;68;43.673269463;4
31;4;13;68;43.727488904;4
30;4;13;68;43.780979155;4
29;4;13;68;43.798464941999995;4
28;4;13;68;43.832995259;4
31;4;13;68;43.849614853999995;4
30;4;13;68;43.920514186999995;5
29;4;13;68;43.989818958;5
32;4;13;68;44.024301355000006;5
31;4;13;68;44.115942203;6
34;4;13;68;44.18676974900001;6
33;4;13;68;44.224021953999994;6
32;4;13;68;44.242361599999995;6
31;4;13;68;44.313971847000005;6
33;4;13;68;44.350033421999996;6
32;4;13;68;44.44463369100001;6
31;5;13;68;44.480784201000006;7
34;5;13;68;44.517270901;7
33;5;13;68;44.591879089;7
33;4;12;69;44.64812173;6
32;4;12;69;44.666005181;6
35;4;12;69;44.684111126000005;6
34;4;12;69;44.703329176;6
33;4;12;69;44.828421245;6
35;4;12;69;44.845882745;6
34;4;12;69;44.901670620000004;6
33;4;12;69;44.938200271;6
32;4;12;69;44.956514844;6
31;4;12;69;44.991239107;6
34;4;12;69;45.008900796999995;6
33;4;12;69;45.06527826999999;6
32;4;12;69;45.101443141000004;6
31;4;12;69;45.154540835999995;6
34;4;12;69;45.17249869;6
33;4;12;69;45.191605361;6
32;4;12;69;45.209356602;6
31;5;12;69;45.226756390000006;7
28;5;12;69;45.26219304;8
27;5;12;69;45.279351586999994;8
30;5;12;69;45.334606394999994;8
28;5;12;69;45.371891113000004;8
27;5;12;69;45.389193989000006;8
27;4;11;70;45.441670566;7
26;5;11;70;45.458618326999996;8
29;5;11;70;45.507989546999994;8
29;4;10;71;45.595967265;6
28;4;10;71;45.630091721;6
31;4;10;71;45.68042654600001;6
30;4;10;71;45.75092107099999;6
29;4;10;71;45.767379453000004;6
28;4;10;71;45.801436124999995;6
27;4;10;71;45.836986190000005;6
29;4;10;71;45.853915975999996;6
29;4;11;71;45.889062842;6
28;5;11;71;45.956245032;7
27;5;11;71;46.00614926;7
30;5;11;71;46.022651795;7
30;4;10;72;46.179352351999995;4
33;4;10;72;46.196307172000004;4
32;4;10;72;46.232430042999994;4
30;4;10;72;46.28380971200001;4
29;4;10;72;46.350634326999995;4
31;4;10;72;46.367002420000006;4
30;4;10;72;46.435233307999994;4
29;4;10;72;46.452307804;4
28;4;10;72;46.485270572000005;4
27;4;10;72;46.501167284000005;4
30;4;10;72;46.533990186;4
29;4;10;72;46.551859998;4
28;4;10;72;46.584321797;4
27;4;10;72;46.600634463000006;4
30;4;10;72;46.701555170000006;4
29;4;10;72;46.753118711;5
27;4;10;72;46.80263784;5
27;4;11;72;46.820687995;5
30;4;11;72;46.871028916;5
29;4;11;72;46.906021092;5
28;4;11;72;46.939580265000004;5
27;4;11;72;46.956198215;5
24;4;11;72;46.988521641000006;5
27;4;11;72;47.039055647;5
26;4;11;72;47.074731618;5
25;4;11;72;47.107773175999995;5
24;4;11;72;47.124308971999994;5
27;4;11;72;47.208877541999996;5
30;4;11;72;47.380966562;5
29;4;11;72;47.417347727000006;5
28;4;11;72;47.43470476900001;5
27;4;11;72;47.45248809900001;5
26;4;11;72;47.46970601300001;5
25;4;11;72;47.505518372;5
27;4;11;72;47.557779315000005;5
26;4;11;72;47.647452989;5
29;4;11;72;47.720349803999994;5
28;4;11;72;47.738954654;5
27;4;11;72;47.774952461;5
30;4;11;72;47.882915616999995;5
29;4;11;72;47.919281817;5
28;4;11;72;47.954579038999995;5
27;4;11;72;47.972600853;5
30;4;11;72;48.043959857000004;5
28;4;11;72;48.064418305000004;5
27;4;11;72;48.102606722000004;5
26;4;11;72;48.139566073;5
29;4;11;72;48.211649768;5
27;4;11;72;48.341478643;5
26;4;11;72;48.358863107000005;5
29;4;11;72;48.376576601;5
27;4;11;72;48.395459296;5
27;4;12;72;48.467062939;5
30;4;13;72;48.541726817;5
29;4;13;72;48.59734254200001;5
28;4;13;72;48.633366763;5
27;4;13;72;48.690431434000004;5
30;4;13;72;48.707971887;5
29;4;13;72;48.805881119000006;5
32;4;13;72;48.88036615;5
31;4;13;72;49.01752241;5
34;4;13;72;49.055650216000004;5
32;5;13;72;49.07643302300001;6
31;5;13;72;49.132707865;6
30;5;13;72;49.191031339999995;6
29;5;13;72;49.211166385;6
32;5;13;72;49.229032653999994;6
31;5;13;72;49.267197616999994;6
30;6;13;72;49.339739648000005;7
33;6;13;72;49.395617611000006;7
32;6;13;72;49.416000752;7
31;6;13;72;49.472506381;8
34;6;13;72;49.563572148000006;8
32;6;13;72;49.603296916999994;8
31;6;13;72;49.642944439999994;8
33;6;13;72;49.735396507999994;8
32;6;13;72;49.86860140100001;8
35;6;13;72;49.90537897;8
34;6;13;72;49.984938907;8
33;6;13;72;50.04133324599999;8
36;6;13;72;50.081804846;8
35;6;13;72;50.103675291;8
33;6;13;72;50.182364430999996;8
34;6;13;72;50.263659364999995;8
33;6;13;72;50.287137947999994;8
32;7;13;72;50.409026885;9
35;7;13;72;50.429282888;9
34;7;13;72;50.469640966;9
37;7;13;72;50.604586573999995;9
36;7;13;72;50.626198528;9
35;7;13;72;50.645695419999996;10
34;7;13;72;50.743300751999996;10
33;7;13;72;50.761725191;10
36;7;13;72;50.779808376999995;10
35;7;13;72;50.799846203;10
34;7;13;72;50.895269060000004;10
33;7;13;72;50.91400264000001;10
35;7;13;72;50.951451918000004;10
34;7;13;72;50.990826665;11
33;7;13;72;51.010985289999994;11
35;7;13;72;51.127930733;11
34;7;13;72;51.167096622;11
33;7;13;72;51.242169132;11
36;7;13;72;51.300382321;11
38;7;13;72;51.476262498;11
37;7;13;72;51.517023282;11
36;7;13;72;51.557935708;11
35;7;13;72;51.616524299999995;11
38;7;13;72;51.65462230600001;11
37;7;13;72;51.697067028000006;11
39;7;13;72;51.816142095000004;11
37;7;13;72;51.877460588999995;11
36;7;13;72;51.915157681;12
35;7;13;72;51.934399952999996;12
38;7;13;72;51.994291667;12
37;7;13;72;52.01509344;12
35;7;13;72;52.03455086700001;12
34;7;13;72;52.054654312;13
33;7;13;72;52.13315703000001;14
32;7;13;72;52.151466252000006;14
35;6;12;73;52.169816706999995;11
34;6;12;73;52.190523346999996;11
33;6;12;73;52.228685853;12
32;6;12;73;52.265042573;12
35;6;12;73;52.339380722;12
34;6;12;73;52.359100458;12
33;6;12;73;52.434366314;12
32;6;12;73;52.49232499;12
35;6;12;73;52.510994225000005;12
34;6;12;73;52.53070704700001;12
33;6;12;73;52.549078937999994;12
32;6;12;73;52.566554358000005;12
31;7;12;73;52.585020146000005;13
30;7;12;73;52.62142785;13
32;7;12;73;52.675192339000006;13
31;7;12;73;52.748057767999995;13
30;7;12;73;52.800800775;13
29;7;12;73;52.835492532;13
31;7;12;73;52.853176089;13
30;7;12;73;52.983067586000004;13
29;7;12;73;53.000605422999996;13
32;7;12;73;53.018570276999995;13
31;7;12;73;53.07399594899999;13
33;7;12;73;53.183038373;13
32;6;11;74;53.238874534999994;11
31;6;12;74;53.258419364000005;11
30;6;12;74;53.275697046000005;11
30;5;11;75;53.293291659000005;7
33;5;11;75;53.359826471000005;7
32;5;11;75;53.483922465000006;7
31;5;11;75;53.519906723000005;7
33;5;11;75;53.537501476;7
31;5;11;75;53.608516514;7
34;5;11;75;53.711549348999995;7
33;5;11;75;53.781425318000004;7
32;5;11;75;53.797977456;7
32;4;10;76;53.815070484;6
34;4;10;76;53.881374849;7
33;4;10;76;53.899589858;7
32;4;10;76;53.916218446;7
31;4;10;76;53.964446433000006;7
34;4;10;76;54.047958089000005;7
33;4;10;76;54.065770181000005;7
36;4;10;76;54.21868282;7
35;4;10;76;54.237474367000004;7
34;4;10;76;54.254066763;7
33;5;10;76;54.355928977999994;8
36;5;10;76;54.389218197999995;8
34;5;10;76;54.477028934;8
33;5;10;76;54.5112972;8
32;5;10;76;54.52835812000001;8
35;5;10;76;54.561799761;8
34;5;10;76;54.581263998;8
33;5;10;76;54.616847136000004;8
31;6;10;76;54.651296218;9
34;6;10;76;54.735861263000004;9
33;6;10;76;54.80933392;9
32;6;10;76;54.844407446999995;9
31;6;10;76;54.894625589;9
34;6;10;76;54.91200061799999;9
34;5;9;77;54.946802770999994;6
33;5;9;77;54.962968211;6
32;5;9;77;54.980044692999996;6
31;5;9;77;55.045468007;6
33;5;9;77;55.078970935;6
32;5;9;77;55.114344446000004;6
30;5;9;77;55.131432309000004;6
29;5;9;77;55.147882968999994;6
28;5;9;77;55.163356621000005;6
26;5;9;77;55.179750035;6
29;5;9;77;55.24430395900001;6
28;5;9;77;55.376981748000006;6
31;5;9;77;55.411333776000006;6
30;5;9;77;55.42860988300001;6
29;5;9;77;55.444542940000005;6
28;5;9;77;55.556836296;6
31;5;9;77;55.573409768999994;6
30;5;9;77;55.59161245200001;6
29;5;9;77;55.640746275;6
28;5;9;77;55.691668963;6
31;5;9;77;55.74297218000001;6
30;6;9;77;55.762003796;7
29;6;9;77;55.863731782;8
31;6;9;77;55.91420535100001;8
30;6;9;77;56.048137771;8
32;6;9;77;56.083244987;8
31;6;9;77;56.208189277;8
34;6;9;77;56.25725089400001;8
33;6;9;77;56.32590896800001;8
32;6;9;77;56.35997392600001;8
35;6;9;77;56.427864779000004;8
34;6;9;77;56.445867878;8
33;6;9;77;56.479681309;8
32;6;9;77;56.54776687100001;8
35;6;9;77;56.59873343700001;8
35;5;8;78;56.617655583;6
34;5;8;78;56.65160313300001;6
33;5;8;78;56.700357928;6
31;5;8;78;56.716766390000004;6
34;5;8;78;56.76413430800001;6
32;5;8;78;56.81732997500001;6
31;5;8;78;56.916008515;6
34;5;8;78;56.93199876600001;6
33;5;8;78;56.983080344;6
33;5;9;78;57.05120238100001;6
36;5;9;78;57.102203731;6
35;5;9;78;57.120983967;6
34;5;9;78;57.173338785;6
37;5;9;78;57.27677352100001;6
36;5;9;78;57.34641761900001;6
35;5;9;78;57.39671403700001;6
38;5;9;78;57.446556709000006;6
36;5;9;78;57.517430096;7
35;5;9;78;57.55256424000001;7
36;5;9;78;57.62310462900001;7
35;5;9;78;57.692829978000006;7
34;5;9;78;57.710756942;7
34;4;8;79;57.728166493;6
33;4;8;79;57.77860585100001;6
35;4;8;79;57.79504264100001;6
34;4;8;79;57.84738826900001;7
33;4;8;79;57.89726074000001;7
32;4;8;79;57.930397262;7
35;4;8;79;57.96249070900001;7
34;4;8;79;57.980606303;7
33;4;8;79;58.048204157;7
32;4;8;79;58.064583066;7
35;4;8;79;58.131733061000006;7
33;4;8;79;58.166062651000004;7
32;4;8;79;58.183359747;7
31;4;8;79;58.25015428500001;7
30;4;8;79;58.282991814;7
33;4;8;79;58.299393819;7
32;4;8;79;58.35155824600001;8
31;4;8;79;58.384766649;8
30;4;8;79;58.451556073000006;8
33;4;8;79;58.46777586900001;8
32;4;8;79;58.502929533;8
30;4;8;79;58.570277825000005;9
29;5;8;79;58.586384642;10
28;5;8;79;58.618807481000005;10
31;5;8;79;58.63475391;10
30;5;8;79;58.720028983000006;10
33;5;8;79;58.805080253;10
32;5;8;79;58.841189754;10
30;5;8;79;58.89145322200001;10
33;5;8;79;58.97471856200001;10
32;5;8;79;58.992968046;11
30;5;8;79;59.04399237700001;11
29;5;8;79;59.077724046;11
32;5;8;79;59.144333141000004;11
31;5;8;79;59.178567532;11
30;5;8;79;59.196031632;11
29;5;8;79;59.245298718;11
32;5;8;79;59.311573959;11
31;5;8;79;59.347859415;11
30;5;8;79;59.398321084;11
29;5;8;79;59.432079087000005;11
31;5;8;79;59.480525367;11
30;5;8;79;59.51555626;11
29;5;8;79;59.581256669;11
28;5;8;79;59.598333849;12
31;5;8;79;59.64805178900001;12
30;5;8;79;59.666672586000004;12
30;4;7;80;59.68303545900001;8
32;4;7;80;59.814267226;8
31;4;7;80;59.83178994400001;8
30;4;7;80;59.863584298000006;8
30;4;8;80;59.89790649;8
30;3;7;81;59.914239347000006;6
30;3;8;81;59.930791381000006;6
29;3;8;81;59.946130259;6
29;3;9;81;59.962591929;6
32;3;9;81;59.97890988900001;6
31;3;9;81;60.046332299;6
34;3;9;81;60.148054894;6
37;3;9;81;60.320664492000006;6
36;3;9;81;60.35642997000001;6
35;3;9;81;60.409320362;6
38;3;10;81;60.481097338;6
37;3;10;81;60.517816458;7
36;4;10;81;60.534901231000006;8
38;4;10;81;60.657071294000005;9
36;4;10;81;60.67612047;10
35;3;9;82;60.762748105;7
34;3;9;82;60.797769577;7
37;3;9;82;60.832675376;7
36;2;8;83;60.868669048;5
34;2;8;83;60.903030481;5
33;2;8;83;60.921841888;5
32;2;8;83;60.938656171000005;5
31;2;8;83;60.97284972200001;5
32;2;8;83;61.007898094;5
31;2;8;83;61.043038921000004;5
34;2;8;83;61.175111994000005;5
37;2;8;83;61.35284801200001;5
36;2;8;83;61.370132608000006;5
35;2;8;83;61.472486622000005;5
38;2;8;83;61.52336916200001;5
36;2;8;83;61.54131204800001;6
35;2;8;83;61.55869371;6
34;2;8;83;61.625032206;6
37;2;8;83;61.693007658;6
36;2;8;83;61.711600387000004;6
34;2;8;83;61.797704686;7
33;2;8;83;61.814802670000006;7
36;2;8;83;61.86347565;7
35;2;8;83;61.898533242;7
34;2;8;83;61.914919049000005;7
33;2;8;83;61.96316955900001;7
35;2;8;83;62.031461779;7
34;2;8;83;62.116265281;7
33;2;8;83;62.183373102000004;8
36;2;8;83;62.199252689000005;8
38;2;8;83;62.365343542000005;8
37;2;8;83;62.383483731;8
40;2;8;83;62.53364825;8
39;2;8;83;62.620273983000004;8
42;2;8;83;62.710237159;8
41;2;8;83;62.830765685;8
43;2;8;83;62.88094947100001;8
42;2;8;83;62.950334036;8
45;2;8;83;63.05094019100001;8
44;2;8;83;63.06933402300001;8
47;2;8;83;63.22821115400001;8
46;2;8;83;63.24783380400001;8
45;2;8;83;63.283415218;8
44;2;8;83;63.336264793;8
47;2;8;83;63.391440976;8
46;2;8;83;63.41202751600001;8
46;1;7;84;63.499521125;5
49;1;8;84;63.552000793000005;5
48;1;8;84;63.607829261000006;5
47;1;8;84;63.62600416400001;5
50;1;8;84;63.716686440000004;5
50;0;7;85;63.864199381000006;0
53;0;7;85;63.88213293;0
52;1;7;85;64.006758692;1
55;1;7;85;64.06003170700001;1
53;2;7;85;64.130511274;2
52;2;7;85;64.216357023;3
55;2;7;85;64.233515346;3
54;2;7;85;64.27022367000001;3
53;2;7;85;64.340255517;3
55;2;7;85;64.40990532100001;3
54;2;7;85;64.49722580000001;3
52;3;7;85;64.53104516500001;4
51;3;7;85;64.548078977;4
49;3;7;85;64.564406219;4
52;3;7;85;64.581082015;4
51;3;7;85;64.632474447;5
50;4;7;85;64.682923392;6
53;4;7;85;64.750137815;6
52;4;7;85;64.819440279;6
55;4;7;85;64.923817824;6
54;5;7;85;64.942429368;7
53;5;7;85;64.977902263;7
52;5;7;85;64.995207728;7
54;5;7;85;65.084839742;7
52;5;7;85;65.139454063;7
48;5;7;85;65.209077085;7
51;5;7;85;65.26030755000001;7
50;5;7;85;65.278752095;7
49;5;7;85;65.29576977800001;7
48;5;7;85;65.381173214;7
51;5;7;85;65.432992608;7
50;5;7;85;65.486189248;7
49;5;7;85;65.503326985;7
52;5;7;85;65.607602571;7
55;5;7;85;65.770832375;7
54;5;7;85;65.874701634;8
57;5;7;85;65.94452384600001;8
56;5;7;85;65.965409463;8
59;5;7;85;66.10855829500001;8
58;5;7;85;66.145293486;8
61;5;7;85;66.27077658600001;8
60;5;7;85;66.29231443500001;8
59;5;7;85;66.346480567;8
61;5;7;85;66.434914778;8
60;5;7;85;66.473373587;8
59;5;7;85;66.490433795;8
58;5;7;85;66.526235615;8
56;6;7;85;66.582188044;9
59;6;7;85;66.600990443;9
58;6;7;85;66.67601906200001;9
57;6;7;85;66.694452525;9
60;6;7;85;66.766155612;9
63;6;7;85;66.929455352;9
62;6;7;85;66.94926078600001;9
61;6;7;85;66.986543137;9
64;6;7;85;67.087807616;9
63;6;7;85;67.14099642400001;9
60;6;7;85;67.16166028500001;9
59;6;7;85;67.236732034;9
61;6;7;85;67.25571758800001;9
60;6;7;85;67.313211072;9
59;6;7;85;67.36766664700001;9
58;6;7;85;67.403148149;9
61;6;7;85;67.421813696;9
60;6;7;85;67.458732153;9
59;6;7;85;67.513646236;9
58;6;7;85;67.531568135;9
61;6;7;85;67.584390055;9
59;6;7;85;67.711616303;9
62;6;7;85;67.74706642700001;9
61;6;7;85;67.823026798;10
60;6;7;85;67.876273036;10
63;6;7;85;67.911552359;10
62;6;7;85;67.949053686;11
61;6;7;85;67.98513931000001;11
59;6;7;85;68.021479506;12
62;6;7;85;68.078868058;12
61;6;7;85;68.22947361700001;12
64;6;7;85;68.24820812;12
67;6;7;85;68.4163231;12
70;6;7;85;68.58410645400001;12
69;6;7;85;68.678670244;12
68;6;7;85;68.69796886200001;12
71;6;7;85;68.75431086;12
70;6;7;85;68.77444660900001;12
72;6;7;85;68.92932635000001;12
71;6;7;85;68.950978877;12
70;6;7;85;68.969923224;12
69;6;7;85;69.030827946;12
68;6;7;85;69.069479117;13
71;6;7;85;69.090592277;13
70;6;7;85;69.111768654;13
69;6;7;85;69.168817743;13
68;6;7;85;69.189261239;13
67;6;7;85;69.208722382;13
70;6;7;85;69.26452482100001;13
69;6;7;85;69.30397683700001;13
68;6;7;85;69.324429304;13
67;6;7;85;69.42294993600001;13
69;6;7;85;69.44341746;13
68;7;7;85;69.48396092600001;14
68;6;6;86;69.52302641;10
67;6;6;86;69.56124997500001;10
66;6;6;86;69.580575497;10
65;6;6;86;69.598485341;10
68;6;6;86;69.616721349;10
67;6;6;86;69.742330174;10
70;6;6;86;69.779038449;10
69;6;6;86;69.834217556;10
68;6;6;86;69.852567066;10
67;6;6;86;69.87003950500001;10
65;6;6;86;69.889046185;10
68;6;6;86;69.94187957700001;10
66;6;6;86;70.015237766;11
69;6;6;86;70.105311301;11
68;5;5;87;70.125169235;9
67;5;5;87;70.230702257;9
70;5;5;87;70.281472714;9
73;5;5;87;70.451497265;9
72;5;5;87;70.487294049;10
71;5;5;87;70.555170817;10
70;5;5;87;70.57205305000001;10
69;5;5;87;70.589258425;10
72;5;5;87;70.623159685;10
70;5;5;87;70.641680647;10
73;5;5;87;70.79627419100001;10
72;5;5;87;70.81524959800001;10
71;5;5;87;70.885308346;10
70;5;5;87;70.921024028;10
73;5;5;87;70.956904158;10
72;5;5;87;70.976495818;10
71;5;5;87;71.01152543;10
74;5;5;87;71.118026586;10
73;5;5;87;71.173305854;11
72;5;5;87;71.229725513;11
71;5;5;87;71.248057171;11
74;4;4;88;71.283333798;10
73;4;4;88;71.318297865;11
71;4;4;88;71.36699837100001;12
73;4;4;88;71.44913571400001;13
72;4;4;88;71.483130621;13
71;4;4;88;71.532244617;14
74;4;4;88;71.61248285900001;14
73;4;4;88;71.62956610900001;14
72;4;4;88;71.67817611400001;14
71;4;4;88;71.695130809;14
70;4;4;88;71.710960621;14
73;3;3;89;71.776260431;9
72;3;3;89;71.793769112;9
71;3;3;89;71.808722878;9
70;3;3;89;71.839686911;9
69;3;3;89;71.932135591;9
71;3;3;89;71.94647507100001;9
70;2;2;90;72.009682658;5
73;2;2;90;72.11631139400001;5
72;2;2;90;72.234782908;5
75;2;2;90;72.279233406;5
74;2;2;90;72.29501852700001;5
73;2;2;90;72.323602238;6
76;2;2;90;72.442835403;6
79;2;2;90;72.60688083000001;6
82;2;2;90;72.769465581;6
85;2;2;90;72.937687376;6
88;2;2;90;73.104967696;6
91;2;2;90;73.27658295900001;6
94;2;2;90;73.443012511;6
93;2;2;90;73.47676938000001;6
92;2;2;90;73.49360514300001;6
92;1;1;91;73.574450642;2
95;1;1;91;73.615483905;2
98;1;1;91;73.78527282900001;2
101;1;1;91;73.945554212;2
100;1;1;91;74.284641093;2
102;1;1;91;74.58963555;2
101;1;1;91;74.690812457;2
100;1;1;91;75.237378999;2
102;1;1;91;75.392024025;2
101;1;1;91;75.464782666;2
100;1;1;91;75.55027619900001;2
102;1;1;91;75.828369501;2
101;1;1;91;76.55829162100001;2
100;1;1;91;76.671038767;2
102;1;1;91;76.867612509;2
101;1;1;91;76.925406425;3
100;1;1;91;77.71333016700001;3
102;1;1;91;77.74015975;3
100;1;1;91;77.840760329;3
99;1;1;91;77.854730899;3
102;1;1;91;77.911753919;3
101;1;1;91;77.98398379700001;3
100;1;1;91;78.221041064;3
102;1;1;91;78.333896155;3
101;1;1;91;78.37777078100001;3
100;1;1;91;78.682429505;3
100;0;0;92;79.112635628;0
